text,label
confirm ssn immediately please,1
team building client presentation project milestone meeting updated,0
office supplies birthday celebration meeting,0
apple id paypal verify today required,1
temporary suspend immediately please,1
update payment click here authorize transaction today immediately,1
password expire paypal verify required please,1
performance review project milestone attached completed,0
click here now please,1
birthday celebration team building attached completed,0
team building meeting tomorrow training session attached,0
amazon login confirm identity required,1
training session attached,0
team lunch office supplies welcome aboard completed attached,0
apple id banking information now today,1
project milestone performance review project update meeting updated,0
project milestone meeting tomorrow scheduled meeting,0
performance review training session scheduled completed,0
amazon login confirm identity validate credentials today,1
validate credentials immediately required,1
client presentation budget approval scheduled,0
project update scheduled,0
unusual activity paypal verify confirm password today now,1
project milestone schedule,0
password expire click here please,1
meeting tomorrow completed,0
welcome aboard quarterly report attached scheduled,0
confirm ssn now,1
vacation days budget approval welcome aboard scheduled,0
budget approval performance review team lunch scheduled,0
project update team lunch schedule meeting,0
unusual activity paypal verify validate credentials today,1
meeting tomorrow quarterly report budget approval scheduled updated,0
banking information click here today,1
office supplies project milestone conference attendance attached updated,0
birthday celebration team building budget approval scheduled,0
vacation days attached schedule,0
vacation days training session team building meeting attached,0
budget approval completed,0
confirm password microsoft account now asap,1
conference attendance meeting,0
training session team lunch client presentation attached meeting,0
team lunch office supplies vacation days attached,0
budget approval completed updated,0
client presentation scheduled meeting,0
apple id banking information required,1
confirm ssn immediately now,1
team building performance review scheduled completed,0
validate credentials immediately,1
paypal verify urgent action microsoft account required,1
banking information today,1
temporary suspend today immediately,1
confirm ssn now today,1
conference attendance welcome aboard birthday celebration completed attached,0
conference attendance project milestone scheduled,0
quarterly report welcome aboard completed,0
update payment verify account today now,1
paypal verify validate credentials update payment asap,1
validate credentials urgent action required,1
temporary suspend please today,1
training session meeting tomorrow budget approval scheduled,0
paypal verify please,1
click here required immediately,1
authorize transaction microsoft account please today,1
office supplies performance review updated,0
birthday celebration attached meeting,0
verify account today immediately,1
secure link verify account confirm password please required,1
confirm identity asap,1
budget approval team lunch meeting,0
budget approval project milestone meeting schedule,0
secure link now please,1
office supplies birthday celebration scheduled updated,0
secure link immediately please,1
project update schedule updated,0
conference attendance schedule meeting,0
office supplies schedule,0
performance review office supplies completed scheduled,0
temporary suspend apple id microsoft account today now,1
apple id update payment unusual activity required,1
team lunch schedule,0
project milestone project update scheduled,0
temporary suspend confirm ssn asap,1
team building conference attendance project update meeting updated,0
apple id temporary suspend authorize transaction today,1
amazon login validate credentials today immediately,1
training session performance review budget approval updated,0
validate credentials confirm password immediately today,1
budget approval conference attendance welcome aboard meeting,0
meeting tomorrow completed schedule,0
banking information asap,1
birthday celebration schedule,0
vacation days training session project milestone meeting schedule,0
verify account amazon login update payment please today,1
secure link validate credentials apple id today,1
vacation days client presentation budget approval meeting,0
quarterly report meeting tomorrow performance review attached,0
training session office supplies meeting,0
amazon login unusual activity authorize transaction now immediately,1
training session project milestone completed,0
team lunch team building budget approval completed scheduled,0
team lunch quarterly report team building meeting,0
birthday celebration budget approval completed,0
urgent action required now,1
microsoft account confirm password now,1
meeting tomorrow performance review team building completed schedule,0
birthday celebration vacation days office supplies completed schedule,0
confirm identity asap now,1
office supplies completed,0
welcome aboard vacation days meeting,0
password expire confirm password today,1
meeting tomorrow training session welcome aboard meeting attached,0
confirm password immediately,1
microsoft account required immediately,1
project update performance review budget approval meeting,0
banking information required,1
performance review training session quarterly report updated,0
temporary suspend unusual activity today please,1
project update completed meeting,0
banking information now required,1
welcome aboard client presentation performance review scheduled,0
team building completed schedule,0
team building vacation days completed scheduled,0
update payment click here urgent action immediately,1
urgent action password expire today,1
client presentation updated,0
project milestone team lunch attached,0
banking information immediately required,1
confirm password banking information asap now,1
budget approval team lunch vacation days meeting completed,0
urgent action validate credentials asap,1
performance review project milestone vacation days completed,0
click here asap now,1
verify account password expire secure link immediately,1
confirm password temporary suspend update payment please,1
microsoft account unusual activity apple id now today,1
training session client presentation meeting tomorrow meeting attached,0
training session client presentation schedule,0
office supplies vacation days meeting tomorrow attached,0
update payment apple id verify account today now,1
verify account today,1
project update quarterly report scheduled schedule,0
validate credentials click here immediately now,1
unusual activity apple id now immediately,1
project milestone updated,0
verify account confirm identity temporary suspend required,1
confirm identity authorize transaction required today,1
banking information microsoft account password expire please immediately,1
click here secure link temporary suspend today please,1
training session updated,0
vacation days office supplies updated attached,0
meeting tomorrow schedule updated,0
project milestone updated,0
budget approval project update attached schedule,0
validate credentials paypal verify now,1
paypal verify unusual activity today asap,1
vacation days meeting tomorrow attached schedule,0
training session office supplies conference attendance scheduled,0
paypal verify password expire immediately please,1
update payment validate credentials immediately,1
password expire temporary suspend immediately,1
training session birthday celebration quarterly report completed,0
meeting tomorrow client presentation scheduled attached,0
amazon login update payment validate credentials now,1
project update budget approval attached,0
amazon login authorize transaction required,1
secure link microsoft account amazon login today now,1
temporary suspend microsoft account today,1
project update completed schedule,0
confirm ssn authorize transaction now asap,1
birthday celebration performance review meeting tomorrow meeting updated,0
training session office supplies welcome aboard scheduled attached,0
training session budget approval team building meeting schedule,0
performance review completed updated,0
birthday celebration scheduled,0
birthday celebration vacation days client presentation meeting attached,0
conference attendance updated,0
confirm password required,1
urgent action click here now,1
client presentation scheduled attached,0
welcome aboard updated meeting,0
training session office supplies budget approval meeting,0
conference attendance project milestone budget approval updated scheduled,0
team lunch conference attendance vacation days meeting completed,0
client presentation scheduled updated,0
unusual activity verify account today,1
project milestone training session meeting tomorrow completed,0
budget approval attached scheduled,0
client presentation vacation days project milestone schedule updated,0
urgent action confirm identity confirm ssn immediately required,1
meeting tomorrow attached scheduled,0
office supplies scheduled,0
confirm identity today,1
apple id amazon login password expire today immediately,1
confirm password asap,1
team lunch project update project milestone completed,0
conference attendance performance review meeting tomorrow meeting scheduled,0
temporary suspend required,1
team lunch conference attendance vacation days scheduled,0
banking information urgent action now,1
update payment banking information confirm identity immediately,1
budget approval conference attendance office supplies attached scheduled,0
temporary suspend amazon login asap,1
update payment paypal verify please asap,1
update payment amazon login please,1
office supplies welcome aboard completed schedule,0
confirm password required today,1
secure link paypal verify required,1
vacation days meeting tomorrow schedule scheduled,0
training session team building welcome aboard schedule,0
welcome aboard birthday celebration quarterly report completed meeting,0
validate credentials banking information amazon login please required,1
temporary suspend microsoft account please,1
project update office supplies team building completed,0
training session welcome aboard completed schedule,0
training session performance review client presentation completed,0
paypal verify validate credentials confirm identity asap immediately,1
confirm password required,1
banking information temporary suspend validate credentials immediately,1
conference attendance team lunch meeting tomorrow attached,0
secure link update payment banking information please immediately,1
office supplies updated,0
banking information secure link authorize transaction please,1
click here apple id immediately required,1
click here banking information password expire today please,1
authorize transaction asap,1
password expire unusual activity today,1
office supplies meeting,0
apple id microsoft account immediately,1
budget approval welcome aboard scheduled meeting,0
amazon login validate credentials asap,1
team lunch birthday celebration scheduled,0
budget approval meeting updated,0
apple id please asap,1
password expire now,1
authorize transaction verify account microsoft account immediately,1
team lunch client presentation conference attendance updated schedule,0
quarterly report meeting schedule,0
birthday celebration attached updated,0
quarterly report welcome aboard training session scheduled updated,0
apple id authorize transaction please,1
client presentation meeting updated,0
confirm identity authorize transaction asap please,1
apple id today now,1
amazon login paypal verify validate credentials please today,1
unusual activity confirm identity secure link required,1
unusual activity password expire confirm ssn required,1
amazon login click here now,1
confirm ssn apple id authorize transaction now,1
quarterly report meeting tomorrow scheduled,0
microsoft account authorize transaction today,1
unusual activity confirm ssn please,1
training session conference attendance meeting tomorrow updated meeting,0
performance review conference attendance completed schedule,0
training session budget approval updated,0
confirm ssn apple id confirm identity today asap,1
confirm identity microsoft account please asap,1
secure link today immediately,1
project update scheduled schedule,0
update payment asap immediately,1
confirm identity asap now,1
urgent action now,1
click here validate credentials secure link required,1
team building budget approval office supplies attached,0
conference attendance quarterly report updated,0
paypal verify today required,1
unusual activity required,1
validate credentials confirm identity update payment please now,1
apple id verify account asap,1
verify account please,1
click here password expire authorize transaction please asap,1
team building schedule,0
welcome aboard completed,0
validate credentials today please,1
temporary suspend now please,1
secure link validate credentials temporary suspend today,1
secure link apple id verify account now,1
confirm identity confirm ssn immediately,1
apple id update payment confirm password now required,1
team building vacation days conference attendance schedule updated,0
training session schedule,0
meeting tomorrow vacation days meeting completed,0
apple id password expire update payment asap,1
amazon login immediately required,1
banking information authorize transaction asap now,1
training session schedule,0
confirm ssn click here paypal verify please,1
team building birthday celebration completed scheduled,0
quarterly report office supplies project update completed,0
verify account urgent action asap immediately,1
client presentation office supplies meeting,0
confirm identity password expire now asap,1
team lunch quarterly report meeting tomorrow meeting,0
password expire urgent action microsoft account now,1
secure link please now,1
training session project update birthday celebration updated,0
urgent action validate credentials immediately asap,1
office supplies client presentation training session completed updated,0
office supplies conference attendance client presentation schedule meeting,0
temporary suspend confirm ssn asap,1
temporary suspend immediately,1
password expire please today,1
password expire required immediately,1
confirm ssn asap,1
conference attendance birthday celebration project milestone scheduled attached,0
vacation days team lunch updated,0
team building budget approval meeting,0
confirm password unusual activity password expire today,1
apple id confirm identity today asap,1
vacation days training session performance review completed attached,0
client presentation completed meeting,0
quarterly report meeting,0
paypal verify confirm ssn password expire asap now,1
click here verify account unusual activity asap,1
office supplies project update welcome aboard schedule scheduled,0
client presentation quarterly report schedule meeting,0
office supplies conference attendance meeting,0
apple id confirm password required please,1
training session scheduled,0
team lunch attached updated,0
welcome aboard updated completed,0
performance review scheduled schedule,0
update payment microsoft account validate credentials immediately,1
password expire validate credentials asap immediately,1
apple id update payment today now,1
apple id temporary suspend required asap,1
quarterly report budget approval conference attendance updated meeting,0
budget approval updated attached,0
urgent action validate credentials today,1
performance review quarterly report meeting,0
team building quarterly report client presentation schedule attached,0
training session schedule,0
amazon login asap,1
client presentation vacation days project update attached scheduled,0
client presentation schedule completed,0
banking information asap required,1
confirm identity please,1
quarterly report vacation days updated,0
budget approval performance review office supplies scheduled attached,0
budget approval scheduled completed,0
client presentation updated completed,0
project milestone conference attendance client presentation updated meeting,0
temporary suspend today,1
client presentation meeting tomorrow schedule,0
training session scheduled updated,0
validate credentials temporary suspend immediately,1
confirm ssn today now,1
project update welcome aboard client presentation updated schedule,0
click here now required,1
urgent action asap required,1
welcome aboard office supplies meeting tomorrow completed meeting,0
vacation days updated meeting,0
secure link microsoft account immediately today,1
team lunch quarterly report schedule meeting,0
confirm identity authorize transaction asap immediately,1
amazon login apple id secure link required immediately,1
team lunch attached schedule,0
password expire banking information now,1
team lunch schedule,0
meeting tomorrow team building scheduled updated,0
authorize transaction required please,1
conference attendance completed attached,0
click here validate credentials now immediately,1
paypal verify please now,1
project update birthday celebration quarterly report completed,0
confirm password confirm ssn today,1
meeting tomorrow schedule updated,0
password expire amazon login now today,1
urgent action now,1
team lunch conference attendance attached,0
birthday celebration attached,0
unusual activity validate credentials please immediately,1
amazon login password expire today,1
password expire microsoft account now please,1
team building office supplies updated,0
unusual activity confirm ssn apple id immediately please,1
verify account required,1
budget approval birthday celebration attached scheduled,0
team lunch conference attendance scheduled,0
budget approval team lunch meeting tomorrow updated attached,0
team lunch office supplies client presentation schedule,0
conference attendance completed,0
training session project update updated,0
authorize transaction amazon login unusual activity required,1
birthday celebration project milestone updated meeting,0
temporary suspend required please,1
birthday celebration training session attached,0
budget approval team lunch schedule meeting,0
birthday celebration conference attendance vacation days attached meeting,0
vacation days updated,0
update payment confirm ssn apple id immediately now,1
office supplies scheduled attached,0
unusual activity immediately now,1
team building meeting tomorrow quarterly report meeting updated,0
unusual activity amazon login banking information today required,1
training session meeting schedule,0
meeting tomorrow meeting,0
performance review project milestone quarterly report meeting,0
quarterly report conference attendance completed scheduled,0
verify account paypal verify immediately,1
performance review training session meeting completed,0
temporary suspend verify account required asap,1
apple id asap,1
team lunch quarterly report project milestone meeting,0
banking information confirm password today,1
microsoft account amazon login asap,1
click here today asap,1
secure link verify account urgent action asap,1
welcome aboard performance review updated,0
confirm identity password expire please asap,1
project update budget approval quarterly report completed,0
secure link today,1
amazon login now immediately,1
paypal verify validate credentials confirm identity today now,1
training session welcome aboard meeting tomorrow scheduled updated,0
team building team lunch meeting,0
amazon login temporary suspend paypal verify please,1
birthday celebration completed attached,0
welcome aboard vacation days team building completed meeting,0
paypal verify now asap,1
client presentation attached schedule,0
confirm ssn now,1
paypal verify immediately,1
training session scheduled,0
vacation days project milestone schedule,0
secure link confirm password today,1
paypal verify today,1
secure link asap,1
update payment temporary suspend amazon login immediately,1
office supplies welcome aboard completed,0
confirm password paypal verify please,1
confirm identity verify account click here please,1
office supplies client presentation welcome aboard meeting,0
conference attendance schedule completed,0
confirm ssn required,1
password expire temporary suspend now,1
birthday celebration client presentation updated meeting,0
training session schedule,0
update payment unusual activity microsoft account asap,1
budget approval birthday celebration meeting,0
project milestone office supplies budget approval updated scheduled,0
confirm identity asap,1
authorize transaction today,1
team building welcome aboard budget approval attached,0
click here asap today,1
unusual activity verify account update payment immediately please,1
vacation days client presentation performance review scheduled,0
microsoft account apple id asap,1
validate credentials banking information today,1
confirm ssn apple id update payment now,1
paypal verify banking information temporary suspend asap,1
update payment password expire confirm identity please,1
validate credentials banking information required immediately,1
conference attendance meeting tomorrow scheduled completed,0
paypal verify banking information unusual activity immediately asap,1
project milestone team building office supplies completed,0
project milestone meeting schedule,0
performance review conference attendance project update scheduled updated,0
conference attendance office supplies client presentation completed,0
amazon login asap,1
validate credentials secure link today,1
project milestone project update welcome aboard schedule,0
meeting tomorrow team building attached,0
temporary suspend click here secure link please today,1
conference attendance attached,0
quarterly report scheduled meeting,0
urgent action banking information today required,1
unusual activity asap,1
click here asap immediately,1
amazon login password expire paypal verify please,1
click here now required,1
conference attendance scheduled,0
client presentation welcome aboard updated completed,0
team lunch training session attached,0
temporary suspend apple id amazon login asap immediately,1
project update completed schedule,0
authorize transaction please immediately,1
team building meeting tomorrow team lunch updated schedule,0
client presentation meeting,0
team lunch training session project milestone completed,0
project milestone budget approval scheduled completed,0
secure link immediately today,1
verify account immediately required,1
team building conference attendance office supplies scheduled,0
team lunch welcome aboard meeting attached,0
quarterly report project update schedule attached,0
budget approval vacation days project update updated meeting,0
client presentation performance review birthday celebration completed meeting,0
vacation days training session performance review completed,0
project milestone conference attendance meeting scheduled,0
update payment paypal verify required,1
password expire immediately asap,1
office supplies team lunch budget approval attached,0
paypal verify apple id confirm identity immediately,1
team lunch completed,0
quarterly report scheduled,0
secure link confirm identity asap,1
temporary suspend amazon login please,1
client presentation training session quarterly report scheduled attached,0
verify account update payment now immediately,1
welcome aboard quarterly report schedule,0
unusual activity now,1
birthday celebration project update attached,0
quarterly report scheduled,0
confirm password amazon login paypal verify required asap,1
urgent action password expire required,1
project milestone client presentation scheduled meeting,0
quarterly report client presentation training session updated meeting,0
team building performance review schedule,0
paypal verify verify account apple id please,1
confirm password authorize transaction confirm ssn immediately now,1
welcome aboard updated,0
confirm password click here please,1
project milestone vacation days office supplies scheduled attached,0
paypal verify asap,1
birthday celebration vacation days client presentation updated meeting,0
secure link confirm password microsoft account now,1
project update office supplies schedule,0
project milestone schedule,0
amazon login secure link apple id now immediately,1
microsoft account confirm password confirm ssn required,1
birthday celebration office supplies scheduled schedule,0
team lunch schedule,0
welcome aboard office supplies meeting tomorrow scheduled completed,0
welcome aboard vacation days schedule,0
quarterly report schedule,0
unusual activity today,1
banking information please asap,1
secure link urgent action asap please,1
temporary suspend secure link confirm identity now,1
office supplies training session vacation days scheduled,0
budget approval conference attendance completed meeting,0
confirm ssn now today,1
confirm identity apple id please now,1
training session team building birthday celebration scheduled completed,0
conference attendance schedule updated,0
password expire paypal verify required immediately,1
password expire confirm identity required,1
conference attendance training session welcome aboard scheduled,0
authorize transaction asap,1
banking information validate credentials click here today,1
team building performance review training session schedule scheduled,0
confirm identity please,1
password expire secure link immediately asap,1
temporary suspend confirm ssn today asap,1
urgent action asap today,1
performance review attached,0
confirm ssn apple id temporary suspend please asap,1
project milestone quarterly report meeting,0
apple id confirm identity update payment today,1
project milestone meeting,0
unusual activity validate credentials now,1
client presentation project update team lunch completed,0
quarterly report schedule,0
client presentation budget approval schedule scheduled,0
validate credentials confirm ssn now asap,1
team lunch scheduled,0
password expire confirm identity update payment now today,1
confirm password click here asap,1
client presentation budget approval quarterly report scheduled schedule,0
validate credentials banking information urgent action required,1
password expire secure link today now,1
conference attendance updated,0
performance review vacation days welcome aboard completed,0
budget approval project update team building schedule completed,0
vacation days meeting,0
validate credentials temporary suspend confirm ssn immediately today,1
performance review scheduled attached,0
paypal verify confirm ssn today,1
urgent action today required,1
confirm identity apple id click here now immediately,1
confirm identity banking information now immediately,1
update payment apple id now,1
welcome aboard vacation days office supplies schedule updated,0
quarterly report budget approval completed,0
project milestone team lunch attached,0
verify account please now,1
team building project milestone completed,0
vacation days attached,0
password expire validate credentials please now,1
temporary suspend paypal verify urgent action please,1
project update budget approval performance review attached,0
secure link click here urgent action asap immediately,1
conference attendance client presentation meeting tomorrow completed scheduled,0
click here banking information unusual activity today required,1
performance review project milestone quarterly report scheduled,0
performance review attached updated,0
urgent action now asap,1
office supplies quarterly report attached scheduled,0
confirm password verify account paypal verify please immediately,1
birthday celebration office supplies schedule attached,0
click here confirm password today,1
update payment apple id password expire required,1
apple id please required,1
apple id today now,1
team lunch budget approval attached schedule,0
vacation days project milestone updated schedule,0
password expire paypal verify microsoft account today,1
banking information update payment now please,1
project milestone client presentation completed attached,0
temporary suspend amazon login please,1
quarterly report client presentation meeting attached,0
client presentation team lunch updated schedule,0
password expire please,1
office supplies performance review attached,0
banking information now today,1
password expire update payment banking information please asap,1
vacation days welcome aboard conference attendance updated meeting,0
office supplies budget approval updated,0
microsoft account verify account asap today,1
click here confirm identity unusual activity please,1
quarterly report client presentation office supplies meeting attached,0
client presentation vacation days updated scheduled,0
verify account now required,1
performance review scheduled schedule,0
validate credentials please now,1
office supplies welcome aboard project update scheduled attached,0
amazon login paypal verify required today,1
project update vacation days conference attendance schedule attached,0
birthday celebration budget approval updated completed,0
secure link confirm ssn immediately,1
team lunch attached,0
confirm password apple id required immediately,1
team building welcome aboard office supplies meeting completed,0
office supplies team building scheduled,0
secure link microsoft account now asap,1
quarterly report meeting tomorrow schedule,0
training session conference attendance budget approval attached scheduled,0
vacation days attached,0
project update vacation days attached,0
conference attendance performance review client presentation scheduled attached,0
update payment temporary suspend immediately,1
authorize transaction unusual activity confirm password required please,1
welcome aboard office supplies budget approval scheduled schedule,0
password expire click here today immediately,1
confirm identity confirm password now,1
welcome aboard vacation days performance review attached meeting,0
microsoft account today required,1
team lunch welcome aboard training session meeting scheduled,0
validate credentials paypal verify immediately today,1
microsoft account authorize transaction immediately,1
birthday celebration welcome aboard team building completed,0
office supplies completed,0
project update welcome aboard budget approval scheduled,0
microsoft account click here confirm identity asap,1
password expire immediately required,1
paypal verify temporary suspend please required,1
password expire authorize transaction today,1
apple id password expire immediately,1
microsoft account validate credentials now,1
quarterly report project milestone performance review schedule meeting,0
secure link immediately please,1
training session vacation days project milestone attached scheduled,0
temporary suspend asap,1
click here today,1
update payment confirm password unusual activity now,1
welcome aboard performance review schedule,0
project update training session welcome aboard scheduled,0
temporary suspend urgent action apple id now today,1
birthday celebration completed updated,0
confirm identity authorize transaction confirm password asap,1
meeting tomorrow vacation days performance review meeting completed,0
project milestone schedule scheduled,0
quarterly report scheduled,0
confirm password authorize transaction immediately now,1
meeting tomorrow completed updated,0
verify account asap immediately,1
confirm password please,1
client presentation schedule,0
performance review project update meeting tomorrow attached updated,0
paypal verify update payment today required,1
welcome aboard completed scheduled,0
project update team building budget approval completed,0
apple id temporary suspend today,1
team lunch attached scheduled,0
performance review schedule,0
performance review team building attached,0
confirm password authorize transaction verify account required,1
update payment password expire required,1
secure link update payment banking information required,1
project update vacation days schedule updated,0
authorize transaction update payment immediately asap,1
paypal verify confirm identity click here now asap,1
secure link apple id banking information now,1
birthday celebration performance review office supplies schedule,0
vacation days team building updated,0
vacation days conference attendance client presentation scheduled attached,0
validate credentials today,1
update payment confirm ssn today now,1
verify account confirm identity authorize transaction immediately please,1
microsoft account asap,1
unusual activity confirm identity confirm password immediately required,1
training session conference attendance budget approval attached completed,0
team lunch project milestone training session schedule,0
temporary suspend required,1
confirm identity temporary suspend update payment asap,1
office supplies performance review completed attached,0
client presentation attached,0
unusual activity now,1
confirm identity unusual activity apple id required,1
apple id asap today,1
update payment microsoft account confirm ssn required please,1
paypal verify authorize transaction asap please,1
confirm identity validate credentials amazon login immediately asap,1
confirm ssn confirm password apple id today now,1
apple id immediately,1
team building project milestone budget approval meeting schedule,0
password expire confirm ssn immediately asap,1
unusual activity apple id asap immediately,1
team lunch meeting tomorrow birthday celebration scheduled,0
vacation days updated,0
confirm identity microsoft account please today,1
project milestone vacation days schedule,0
apple id asap,1
confirm ssn apple id verify account immediately asap,1
update payment apple id required,1
project update welcome aboard conference attendance scheduled,0
budget approval team building meeting schedule,0
team building client presentation updated completed,0
project milestone schedule,0
office supplies attached,0
welcome aboard team building attached,0
temporary suspend password expire required today,1
password expire paypal verify verify account now please,1
training session office supplies meeting tomorrow schedule,0
unusual activity please asap,1
confirm password urgent action confirm identity required asap,1
authorize transaction update payment temporary suspend asap,1
meeting tomorrow performance review scheduled completed,0
conference attendance meeting completed,0
paypal verify today,1
apple id authorize transaction immediately now,1
meeting tomorrow schedule,0
click here secure link confirm password today,1
amazon login paypal verify asap,1
team lunch conference attendance completed,0
conference attendance vacation days attached schedule,0
urgent action password expire please required,1
team building team lunch training session scheduled meeting,0
office supplies project update welcome aboard schedule meeting,0
client presentation attached scheduled,0
update payment confirm password required,1
office supplies welcome aboard vacation days scheduled,0
team building vacation days meeting tomorrow meeting,0
conference attendance meeting tomorrow project update attached schedule,0
project milestone training session scheduled,0
birthday celebration team building project milestone updated,0
performance review project milestone attached,0
confirm password urgent action confirm identity please asap,1
performance review vacation days birthday celebration updated scheduled,0
verify account now,1
team building attached scheduled,0
performance review meeting tomorrow attached,0
temporary suspend asap,1
confirm identity verify account asap today,1
click here secure link temporary suspend now immediately,1
client presentation project update completed schedule,0
amazon login temporary suspend asap immediately,1
confirm identity paypal verify please,1
conference attendance meeting,0
banking information unusual activity urgent action required please,1
confirm ssn asap,1
amazon login please,1
team building vacation days budget approval completed,0
click here now,1
urgent action verify account today,1
meeting tomorrow birthday celebration project milestone completed scheduled,0
microsoft account authorize transaction confirm identity please,1
birthday celebration performance review attached,0
conference attendance birthday celebration project milestone schedule,0
office supplies birthday celebration quarterly report attached,0
birthday celebration training session team lunch updated meeting,0
office supplies attached updated,0
confirm ssn banking information microsoft account now required,1
confirm identity required please,1
password expire validate credentials now immediately,1
confirm identity click here secure link required,1
conference attendance updated,0
confirm identity apple id asap immediately,1
confirm ssn apple id verify account today,1
confirm password now,1
temporary suspend validate credentials now immediately,1
secure link banking information immediately please,1
training session completed meeting,0
client presentation updated scheduled,0
password expire now,1
team building completed attached,0
performance review conference attendance completed,0
validate credentials verify account microsoft account today,1
confirm identity asap,1
urgent action unusual activity password expire required,1
paypal verify amazon login asap,1
confirm identity required,1
click here validate credentials today,1
update payment unusual activity confirm password required please,1
amazon login please,1
welcome aboard vacation days meeting,0
client presentation training session attached updated,0
performance review schedule,0
budget approval attached,0
vacation days team lunch office supplies meeting completed,0
validate credentials verify account password expire today asap,1
budget approval project milestone performance review meeting schedule,0
secure link confirm password required now,1
training session meeting tomorrow birthday celebration updated schedule,0
conference attendance quarterly report meeting,0
temporary suspend click here asap,1
conference attendance project update birthday celebration completed scheduled,0
confirm ssn authorize transaction password expire required now,1
performance review team lunch project update scheduled,0
training session birthday celebration quarterly report meeting,0
password expire required immediately,1
vacation days budget approval scheduled,0
amazon login temporary suspend asap please,1
project update attached,0
training session team lunch project milestone schedule,0
secure link immediately today,1
quarterly report team building completed schedule,0
urgent action required,1
confirm password today,1
secure link urgent action unusual activity now,1
apple id click here authorize transaction today,1
meeting tomorrow meeting,0
team lunch performance review attached,0
meeting tomorrow conference attendance updated,0
banking information confirm identity verify account please,1
confirm ssn temporary suspend today now,1
authorize transaction now immediately,1
apple id please asap,1
amazon login now required,1
welcome aboard meeting completed,0
confirm ssn microsoft account immediately please,1
vacation days office supplies training session completed,0
conference attendance updated meeting,0
verify account secure link immediately please,1
confirm identity immediately asap,1
temporary suspend please,1
microsoft account verify account asap please,1
temporary suspend verify account secure link immediately,1
team lunch project milestone scheduled,0
client presentation birthday celebration attached,0
project milestone meeting attached,0
training session office supplies meeting,0
team lunch conference attendance scheduled schedule,0
click here required now,1
team lunch project milestone schedule,0
office supplies conference attendance birthday celebration completed updated,0
welcome aboard meeting tomorrow project milestone updated,0
budget approval project milestone quarterly report meeting,0
unusual activity update payment verify account today immediately,1
birthday celebration office supplies project milestone schedule completed,0
welcome aboard budget approval meeting schedule,0
welcome aboard scheduled schedule,0
banking information asap,1
meeting tomorrow conference attendance scheduled,0
team lunch updated,0
vacation days meeting,0
client presentation project update training session scheduled,0
birthday celebration schedule scheduled,0
meeting tomorrow meeting,0
paypal verify today please,1
confirm ssn microsoft account please asap,1
meeting tomorrow updated scheduled,0
welcome aboard quarterly report meeting tomorrow attached scheduled,0
banking information unusual activity secure link required asap,1
performance review meeting tomorrow updated,0
performance review vacation days conference attendance updated,0
secure link apple id temporary suspend required today,1
project milestone quarterly report vacation days scheduled schedule,0
performance review training session welcome aboard meeting attached,0
welcome aboard completed,0
budget approval meeting,0
unusual activity amazon login verify account please today,1
validate credentials urgent action confirm password today,1
vacation days budget approval conference attendance schedule scheduled,0
paypal verify amazon login required please,1
welcome aboard team building client presentation updated completed,0
project milestone project update attached,0
budget approval client presentation meeting attached,0
banking information today,1
password expire now,1
meeting tomorrow welcome aboard completed schedule,0
update payment temporary suspend now required,1
office supplies meeting tomorrow welcome aboard attached meeting,0
team building updated attached,0
team lunch budget approval scheduled,0
birthday celebration attached,0
verify account confirm identity required now,1
urgent action microsoft account amazon login please,1
password expire click here now,1
unusual activity secure link microsoft account immediately asap,1
confirm ssn asap today,1
validate credentials required asap,1
urgent action now required,1
confirm password confirm ssn verify account required,1
training session birthday celebration vacation days meeting scheduled,0
secure link today now,1
birthday celebration training session updated schedule,0
conference attendance meeting updated,0
authorize transaction required,1
office supplies attached,0
authorize transaction verify account asap today,1
click here please,1
vacation days updated,0
project update client presentation attached completed,0
budget approval project milestone birthday celebration meeting,0
performance review training session project update updated schedule,0
validate credentials asap,1
meeting tomorrow completed meeting,0
budget approval completed,0
verify account banking information today,1
confirm password please asap,1
click here asap,1
vacation days meeting,0
verify account update payment please asap,1
conference attendance client presentation schedule attached,0
apple id today asap,1
update payment amazon login confirm identity please required,1
performance review scheduled,0
project milestone team lunch attached meeting,0
banking information today please,1
project milestone completed,0
birthday celebration training session meeting,0
apple id paypal verify password expire asap,1
password expire immediately now,1
urgent action apple id unusual activity required asap,1
validate credentials today,1
vacation days quarterly report completed scheduled,0
welcome aboard quarterly report scheduled updated,0
conference attendance completed,0
birthday celebration completed,0
performance review schedule completed,0
team building team lunch training session completed,0
paypal verify validate credentials update payment asap immediately,1
training session schedule scheduled,0
paypal verify immediately,1
confirm identity immediately,1
microsoft account amazon login asap,1
amazon login asap immediately,1
vacation days project milestone updated,0
confirm password click here please asap,1
vacation days schedule updated,0
confirm password click here asap please,1
welcome aboard client presentation completed,0
paypal verify immediately now,1
confirm password click here asap please,1
office supplies performance review attached,0
confirm identity today,1
paypal verify temporary suspend required,1
urgent action apple id immediately,1
confirm password please,1
paypal verify please now,1
team lunch project update vacation days attached,0
birthday celebration project update meeting completed,0
confirm ssn authorize transaction unusual activity asap,1
budget approval team building updated schedule,0
confirm ssn required,1
vacation days scheduled,0
project milestone team lunch completed schedule,0
amazon login now,1
password expire click here please,1
budget approval updated completed,0
banking information click here today,1
confirm ssn today please,1
password expire authorize transaction today,1
click here immediately,1
confirm password authorize transaction now,1
project update conference attendance attached,0
conference attendance quarterly report project update updated,0
project update quarterly report updated schedule,0
confirm identity now,1
temporary suspend asap required,1
microsoft account apple id update payment today,1
welcome aboard training session attached,0
confirm ssn authorize transaction today,1
birthday celebration team lunch training session attached,0
apple id asap,1
office supplies completed meeting,0
banking information urgent action today please,1
quarterly report conference attendance team lunch scheduled completed,0
meeting tomorrow schedule updated,0
apple id paypal verify required immediately,1
team building team lunch schedule updated,0
update payment microsoft account required please,1
paypal verify apple id password expire asap,1
click here verify account today,1
meeting tomorrow birthday celebration meeting,0
confirm password banking information unusual activity asap,1
quarterly report schedule,0
update payment immediately now,1
training session scheduled updated,0
office supplies budget approval client presentation meeting,0
urgent action click here confirm identity today asap,1
vacation days meeting tomorrow birthday celebration completed,0
office supplies updated,0
apple id secure link now,1
project update updated,0
confirm password banking information secure link immediately,1
validate credentials please required,1
quarterly report completed scheduled,0
